Axis,Shift Value,Min Coord,Max Coord
X,-240.3505676,-240.3505676,193.9761191
Y,-185.93030638,-185.93030638,213.38164667
Z,-53.622132863,-53.622132863,143.99524355
